#,x_m,y_m,curvature,speeds
0,0.005939976088002452,-0.0054740462065749505,8.915598992421997e-05,14.99827503431466
1,0.02707385925002448,-0.005451967687674475,2.8285097491322447e-05,14.999452747677184
2,0.04820774630225022,-0.0054298765314003865,3.258574454562924e-05,14.999369539935339
3,0.06934163816795891,-0.005407797752159812,6.427748581981707e-05,14.998756376801229
4,0.09047553460876279,-0.005385756313346663,0.0002119837052606357,14.995898597304153
5,0.11160943622379527,-0.0053637959348212085,0.0001767885785250828,14.996579542981069
6,0.1327433478265394,-0.0053419289936169605,0.0003361966341247314,14.993495359561535
7,0.15387726073337027,-0.005320199573015507,0.00032583257028683064,14.993695880631362
8,0.17501118506339186,-0.005298625980336645,0.0004539506498942144,14.991217087101253
9,0.1961451195904158,-0.005277245815293095,0.0004569197793964383,14.991159641196486
10,0.21727905760876842,-0.005256078059979289,0.0005718271716250383,14.98893644442917
11,0.23841301181581087,-0.005235159726113342,0.0006065928262832187,14.988263808060433
12,0.25954696978916914,-0.005214516227290536,0.0006938466375305557,14.986575645207383
13,0.28068094002422583,-0.005194178697691513,0.0007284127248838182,14.985906870012228
14,0.30181492349875993,-0.005174171892812137,0.000835452931620907,14.983835885396047
15,0.3229489162014043,-0.00515453349567397,0.0008788808461125935,14.982995653995468
16,0.34408292276901065,-0.0051352884096056844,0.0009327159882497155,14.98195406640353
17,0.3652169435434375,-0.005116461580645198,0.0010090528859268341,14.980477121005578
18,0.386350974717682,-0.005098084425195272,0.0010718434178297786,14.979262266984115
19,0.40748502513292456,-0.0050801878955725075,0.0011602302206274377,14.977552183320723
20,0.42861908680204336,-0.005062803361692485,0.0011651920288555323,14.97745618361349
21,0.4497531642204568,-0.0050459496421291355,0.0013097910617983776,14.974658521110142
22,0.47088725375032936,-0.0050296704977163525,0.0013142341696420084,14.974572557075946
23,0.4920213641193493,-0.005013984363153572,0.0013995744654045949,14.972921416396645
24,0.5131554914613147,-0.004998922570853939,0.0014746090594015672,14.971469667613771
25,0.5342896362642161,-0.0049845164945109864,0.001510565820949721,14.97077398603501
26,0.5554237988118873,-0.004970791081898231,0.0016268150341865336,14.96852482808217
27,0.5765579797337527,-0.004957783791463945,0.0016290320722952294,14.968481933435788
28,0.5976921791698628,-0.0049455133147764665,0.0017549781565213076,14.966045163077702
29,0.6188264018693871,-0.004934016987056425,0.0017505162431658739,14.966131490955792
30,0.6399606439710299,-0.004923313791079034,0.001897357712405653,14.963290442408868
31,0.6610949059567006,-0.004913447364450542,0.0019006169510330394,14.963227383552168
32,0.6822291881428734,-0.004904436564982914,0.001994027493383486,14.961420101951228
33,0.7033634951906096,-0.004896312298505562,0.002032277634799013,14.960680048686637
34,0.724497823151473,-0.004889099896666503,0.002126088949730629,14.958865013047514
35,0.7456321768303079,-0.004882836521500332,0.0022117736582572337,14.957207208764341
36,0.7667665523632617,-0.004877553676870631,0.002198357136765716,14.957466787949198
37,0.7879009542133202,-0.004873263578774083,0.0023304044792830745,14.954911972115998
38,0.809035382981966,-0.004870010118521382,0.002405173470569056,14.953465362141664
39,0.830169834859847,-0.004867824541064861,0.0023937026747515564,14.953687295958849
40,0.8513043141974239,-0.004866719323048052,0.002532367547451974,14.95100444596331
41,0.8724388213934051,-0.004866719323048052,0.002323045245204063,14.955054356562265
42,0.8935733512141549,-0.004867756089326352,0.002102120076469084,14.95932875624556
43,0.9147078982535541,-0.0048697358759988586,0.0019358386459355492,14.962545923841631
44,0.9358424655211891,-0.004872577549508612,0.0017320054294934603,14.966489633111129
45,0.9569770476386743,-0.004876193623647903,0.0015384239173742659,14.970234995211936
46,0.978111639171949,-0.004880496785395057,0.0013437253128356077,14.974001970511054
47,0.999246243159716,-0.004885399554055911,0.001140978097557189,14.977924668127345
48,1.0203808456951513,-0.004890814784281277,0.0009761053275928094,14.981114581344364
49,1.041515454137335,-0.0048966610408937095,0.0007444220947993663,14.985597125105892
50,1.0626500587306544,-0.004902844879629601,0.0005808562989422521,14.988761751345688
51,1.0837846584206257,-0.004909285116973605,0.00037629563785433474,14.992719535015045
52,1.104919247713989,-0.004915894355914436,0.0001841519775847293,14.996437077951898
53,1.126053829648272,-0.004922585030032711,1.8977554106239104e-05,14.999632827478527
54,1.1471883946116446,-0.0049292699512700055,0.00018544697677244448,14.996412022662138
55,1.168322941433574,-0.004935867939582179,0.0004069068718777102,14.992127277239417
56,1.1894574688892348,-0.0049422853812975355,0.0006120880910622051,14.988157487181896
57,1.210591971541042,-0.004948434706218755,0.0007462023690007714,14.98556268084802
58,1.2317264483065709,-0.004954241163692905,0.0010086875130354569,14.980484190140254
59,1.2528608894012998,-0.004959604964054777,0.001165079272465599,14.977458365193256
60,1.2739953021854837,-0.004964444757852153,0.00136984017845591,14.973496707240347
61,1.295129676928894,-0.0049686731890473635,0.0015678609560171022,14.96966545544708
62,1.3162640083146935,-0.004972203026872755,0.001742821552704658,14.966280365720305
63,1.337398299408144,-0.004974952964585334,0.00193722078723084,14.962519182550231
64,1.3585325447148104,-0.0049768355194485855,0.002159887691991926,14.958211084235126
65,1.3796667346555034,-0.004977757413442542,0.002327912924997638,14.954960178026214
66,1.4008008764140545,-0.004977637130871336,0.002528266298756495,14.951083795800296
67,1.4219349603786335,-0.004976387483676551,0.002730162193901887,14.947177569292878
68,1.4430689851769003,-0.004973921037344457,0.0028968927105551237,14.943951712901507
69,1.4642029503914666,-0.004970156503542883,0.003120201566374789,14.939631194293064
70,1.4853368454543756,-0.00496500046230664,0.003315383468622273,14.935854868282183
71,1.5064706738093268,-0.004958365335067135,0.0034880149677935565,14.93251484129653
72,1.527604429703021,-0.004950170164617911,0.0036900878844960683,14.928605189824488
73,1.548738108453367,-0.0049403274439240395,0.0038849622137593328,14.924834814651504
74,1.5698717123447483,-0.004928749714854165,0.004078522484413958,14.921089863524738
75,1.591005232634528,-0.00491534967759065,0.004282520501137572,14.91714296574451
76,1.6121386669651239,-0.004900040012850189,0.004446337189635866,14.913973485302579
77,1.6332720107402028,-0.004882739471538645,0.004678953315513853,14.909472892181045
78,1.6544052667386353,-0.004863354320227886,0.004844222157321284,14.906275315874437
79,1.6755384292071218,-0.004841803601711433,0.005038576405783168,14.902515003082419
80,1.6966714894006771,-0.004817999844721198,0.005271544479919552,14.89800760056233
81,1.7178044495190996,-0.00479184941891027,0.005403601423742065,14.895452598965708
82,1.7389373091158862,-0.004763277383083684,0.0056496788971734145,14.890691559376945
83,1.7600700576207295,-0.004732190145825799,0.005791371933954424,14.887950121291778
84,1.7812026991445085,-0.0046985064548780335,0.006070580389320722,14.882548072534611
85,1.802335223033508,-0.004662126632334408,0.0061520131317283145,14.880972534127874
86,1.8234676329875268,-0.004622981787723465,0.006473129261484598,14.874759667159429
87,1.844599918934271,-0.004580972311508435,0.006446389066414951,14.87527702913313
88,1.865732084487782,-0.00453602305527709,0.0072424427998080115,14.859875199430403
89,1.8868641236363108,-0.0044880342022753875,0.005426905296090566,14.895001722023274
90,1.9079960312902118,-0.004436930864431206,0.01290009552381914,14.75041248338864
91,1.9291277943336504,-0.004383619749493682,0.027359445039086817,14.470656947418552
92,1.9502591408014454,-0.004344937918390704,0.10002300604031511,13.064782261843709
93,1.9713896232665002,-0.0043503763894228616,0.16541467808641397,9.535583969394356
94,1.9925187728310962,-0.004429807942127858,0.232739165103436,6.473487520555492
95,2.0136461308704217,-0.004613092527753714,0.29956440340847,4.803633444757741
96,2.034771234699119,-0.004930090304765718,0.366510031023912,3.738455897298297
97,2.0558936233702183,-0.005410661208110694,0.4333197817661657,2.9901807859456455
98,2.0770128289761507,-0.0060846655524579955,0.5000446151448042,2.4563197095081106
99,2.0981283913217084,-0.00698197577128,0.5663277460284046,2.4563197095081106
100,2.1192398504512466,-0.008132439420380394,0.6322576381445006,2.4563197095081106
101,2.140346746170733,-0.00956592901895678,0.6974493134499963,2.4563197095081106
102,2.161448606425119,-0.011312298745229786,0.761456613001172,2.4563197095081106
103,2.182544977896389,-0.013401414566458906,0.8251134705183066,2.4563197095081106
104,2.2036345943248303,-0.01586274190938835,0.8799242637152765,2.4563197095081106
105,2.2247099142394076,-0.01872264061818206,0.93261137953361,2.4563197095081106
106,2.245760464596131,-0.022006020798784227,0.9854158911663045,2.4563197095081106
107,2.2667757397738404,-0.02573778744258512,1.0374448858631165,2.4563197095081106
108,2.2877452369644944,-0.029942839024803703,1.088503414208358,2.4563197095081106
109,2.3086584637210676,-0.03464606762176049,1.1383062047185557,2.4563197095081106
110,2.3295049115188204,-0.039872378140175344,1.1862761566363482,2.4563197095081106
111,2.3502740897372236,-0.04564666886224151,1.2321024092515,2.4563197095081106
112,2.3709554927539402,-0.051993844693624024,1.2750402638373965,2.4563197095081106
113,2.391538618255417,-0.0589387978342451,1.3149967742810356,2.4563197095081106
114,2.412012972719896,-0.06650642665307802,1.3500843988319657,2.4563197095081106
115,2.432368049364549,-0.07472163609049984,1.3845539846383539,2.4563197095081106
116,2.452593310148007,-0.08360912568246177,1.398365606152792,2.4563197095081106
117,2.4726762569046437,-0.09318492370551108,1.3834436508684165,2.4563197095081106
118,2.4926017263507827,-0.10345318933501818,1.3727784223211676,2.4563197095081106
119,2.5123543637738566,-0.11441724410493953,1.3599489525536974,2.4563197095081106
120,2.531918817104077,-0.1260803906029039,1.3467802620810347,2.4563197095081106
121,2.5512797268142187,-0.13844593790010915,1.3322236585712344,2.4563197095081106
122,2.570421741500498,-0.15151719482476877,1.3182680406804972,2.4563197095081106
123,2.589333323901583,-0.165290338177073,1.2120204892129118,2.4563197095081106
124,2.6080191504728285,-0.1797312324152095,1.1094049532563004,2.4563197095081106
125,2.6264882107473975,-0.19479765759900605,1.0130556680200804,2.4563197095081106
126,2.6447495068735805,-0.21044742479924342,0.9214500916332349,2.4563197095081106
127,2.6628120197677863,-0.22663832067975534,0.8378335874931581,2.4563197095081106
128,2.6806847520716195,-0.2433281499503006,0.7501037273147788,2.4563197095081106
129,2.6983760680215183,-0.2604759549851669,0.7139086241490791,2.4563197095081106
130,2.715884263162091,-0.2780610956234779,0.7123514477771558,2.4563197095081106
131,2.7331993963291894,-0.29607951988369297,0.703796926978,2.4563197095081106
132,2.7503112927250264,-0.31452766371667107,0.6978055828412824,2.4563197095081106
133,2.7672097687647224,-0.3334019572471207,0.691732622038582,2.4563197095081106
134,2.783884657024517,-0.35269882385584156,0.686382891805607,2.4563197095081106
135,2.8003257706095726,-0.37241470628755985,0.6813391582993434,2.4563197095081106
136,2.816522937451815,-0.39254602789047277,0.6768073861442914,2.4563197095081106
137,2.832465974053295,-0.41308922513295504,0.6725630180280834,2.4563197095081106
138,2.8481447100890263,-0.4340407214825862,0.6687968012851269,2.4563197095081106
139,2.8635489608970457,-0.4553969531852773,0.6651251721372531,2.4563197095081106
140,2.878668555744809,-0.4771543563275708,0.6624468902190237,2.4563197095081106
141,2.893493320157504,-0.49930934806914706,0.6574325716740668,2.4563197095081106
142,2.908015995324864,-0.5218577025449974,0.6389904843056292,2.4563197095081106
143,2.92223625775909,-0.5447936050165859,0.6223832431584375,2.4563197095081106
144,2.936154806206486,-0.5681110291287379,0.6056952397522223,2.4563197095081106
145,2.94977234072648,-0.591803917270231,0.5895279412574999,2.4563197095081106
146,2.9630895617180073,-0.6158662366044309,0.5737431092530768,2.4563197095081106
147,2.9761071554861123,-0.6402919424525417,0.5583438580531512,2.4563197095081106
148,2.9888258258277958,-0.665074995787302,0.5433783380196933,2.4563197095081106
149,3.0012462730574105,-0.6902093575998622,0.5288306272594503,2.4563197095081106
150,3.013369192183687,-0.715688982951086,0.5147478491445512,2.4563197095081106
151,3.025195278792078,-0.7415078266273053,0.5009600076219702,2.4563197095081106
152,3.0367252293102562,-0.7676598625142192,0.48816480441128796,2.539305699419737
153,3.0479597466965287,-0.7941390327423757,0.473553587865046,2.6594229535808407
154,3.058899331234254,-0.8209392731551373,0.4690900457509028,2.6961172576373515
155,3.0695356924437016,-0.8480527887838147,0.4821235971144505,2.5889698208169913
156,3.0798482894248957,-0.8754694203066189,0.49260458018385234,2.5028067759246504
157,3.089815671137276,-0.9031788431791713,0.5043986684850095,2.4563197095081106
158,3.099416380432385,-0.931170710742097,0.516442999351168,2.4563197095081106
159,3.108628974902861,-0.9594346930471637,0.5290498186155309,2.4563197095081106
160,3.1174319986664663,-0.9879604511155541,0.5421001377612431,2.4563197095081106
161,3.12580399875394,-1.0167376467389224,0.5555987841504552,2.4563197095081106
162,3.1337235287431926,-1.0457559535195378,0.5695445297173907,2.4563197095081106
163,3.1411691368489496,-1.075005034928847,0.5838507226210236,2.4563197095081106
164,3.148119374046193,-1.104474544064491,0.5986644433035501,2.4563197095081106
165,3.1545527817629146,-1.134154157464971,0.61343227811229,2.4563197095081106
166,3.1604479197717654,-1.164033534825605,0.6297545130324924,2.4563197095081106
167,3.1657910988099998,-1.1941017257957625,0.5919795153387271,2.4563197095081106
168,3.1706025278281595,-1.2243450903219184,0.5535321749295697,2.4563197095081106
169,3.174911658381684,-1.2547492788008108,0.5161937874178878,2.4563197095081106
170,3.1787479312056623,-1.2852999145095165,0.4795164210887864,2.6104031370864695
171,3.182140801741039,-1.315982634864499,0.44371078158870736,2.904757483736546
172,3.1851197114441194,-1.3467830734125052,0.4086955466814947,3.2468339404166278
173,3.1877141070169195,-1.377686865258582,0.374475259005179,3.633835004437178
174,3.189953438772153,-1.4086796548334142,0.3410109448019794,4.089497311669638
175,3.191867152655372,-1.4397470644006223,0.30826759712719,4.636613919496385
176,3.193484694905823,-1.4708747376551317,0.276105794012598,5.299531164718253
177,3.194835516287241,-1.5020483095804964,0.24469290652765593,6.109903705458014
178,3.195949058173698,-1.533253407722699,0.21314388054095657,7.170140533551603
179,3.196854763416947,-1.5644756827388169,0.1842508610425985,8.454100038289504
180,3.197578776550088,-1.5957043426586341,0.16786624730286775,9.383859191869075
181,3.1981392447424284,-1.6269372761166547,0.15023146149183478,10.607551419743057
182,3.1985530974226895,-1.65817365083935,0.13289903463122482,12.127774391770897
183,3.1988372806306513,-1.689412660642038,0.11552197236233097,12.764912504506453
184,3.199008727962486,-1.7206534808449667,0.09813827005030074,13.101247617805388
185,3.1990843865949703,-1.7518953035142388,0.08079149981894075,13.436868179318195
186,3.1990811901242746,-1.7831373039701015,0.06343543757490902,13.772668520148354
187,3.199016080352245,-1.8143786632905836,0.046069650639546635,14.108657011644107
188,3.198905999731457,-1.8456185676798702,0.028773681388912526,14.443294689689315
189,3.1987678813600717,-1.876856198476331,0.01127164011504242,14.781919392824966
190,3.198618672842389,-1.9080907365844344,0.00558238006033062,14.891993638848172
191,3.1984753027168384,-1.9393213694821612,0.024749085986472682,14.521161459745842
192,3.1983533482187965,-1.9705473739503638,0.02706367741037567,14.476379378528287
193,3.1982570286094796,-2.001768857052883,0.024661073813193362,14.522864295179875
194,3.198184950903035,-2.0329863398563672,0.02345568262105968,14.5461858739724
195,3.1981356871578916,-2.064200334181797,0.021949072761834186,14.575335349072951
196,3.1981078206333646,-2.095411364379174,0.020504334843687477,14.603287742795827
197,3.19809992344662,-2.1266199465557394,0.019031557702183864,14.631782631736078
198,3.1981105648605874,-2.1578266003345257,0.017579684960511946,14.659873068071262
199,3.1981383222146462,-2.189031841666571,0.016111587783617896,14.688277410337454
200,3.1981817682414526,-2.220236189213519,0.014650029322752068,14.716555243315998
201,3.1982394768928915,-2.251440165888561,0.013178301083614468,14.745029838380423
202,3.198310021399633,-2.2826442843352206,0.01172999669429239,14.773051235211229
203,3.1983919827587446,-2.3138490732591808,0.010240789501959974,14.801864008276958
204,3.198483925309245,-2.345055031848271,0.008785898969197915,14.83001283200799
205,3.198584427832951,-2.376262696592869,0.007320622475143276,14.858362600474807
206,3.1986920664500103,-2.407472579192464,0.005845571407519891,14.886901484715105
207,3.198805411062337,-2.438685203538993,0.004381707289227728,14.915223926922328
208,3.1989230383585783,-2.4699010804573382,0.0029265398291886324,14.943378108566503
209,3.1990435262818537,-2.5011207275956857,0.001435854127113184,14.972219487433977
210,3.1991654389198727,-2.5323446681622794,2.7092240877058453e-06,14.99994758267404
211,3.1992873588812163,-2.5635734213809633,0.0014946687685033814,14.971081557853699
212,3.199407853652833,-2.5948075043550807,0.002911400909779941,14.943671012234729
213,3.199525506376561,-2.62604743286211,0.004471225530883476,14.913491952489656
214,3.199638880606852,-2.657293733556658,0.005645361659652836,14.890775088106588
215,3.199746558811317,-2.6885469153755452,0.008091404177730485,14.843449727105536
216,3.1998471096608903,-2.7198074971019044,0.005910453933784838,14.885646155359439
217,3.199938139268789,-2.7510758196279363,0.026848896424169773,14.480534902250067
218,3.2,-2.782348832689107,0.06573569347101124,13.728163798798134
219,3.1999982270467635,-2.813620624020274,0.10063590063631221,13.052924144988916
220,3.1998978868117938,-2.8448851718835706,0.13675187829801255,11.757871880173896
221,3.1996640348023613,-2.8761364643006675,0.17273820817288116,9.088737291369725
222,3.1992617299719686,-2.9073684866173437,0.20899535396992686,7.333289786378419
223,3.198656039860328,-2.9385752153465172,0.2455038375549954,6.0852385076561255
224,3.1978120189199477,-2.969750646259838,0.2822824342117073,5.15964974815106
225,3.1966947264143775,-3.0008887449689317,0.3193140366352874,4.437079511622476
226,3.1952692215085796,-3.0319835122501133,0.35672619123272903,3.8669637136434214
227,3.193500567621806,-3.063028920451533,0.3939744713483414,3.40192100757573
228,3.1913538273182582,-3.094018964244605,0.43297043621508424,2.993052718492569
229,3.1887940732188884,-3.1249476096990167,0.46630542574919787,2.7190093219242852
230,3.185795802831993,-3.1558062503130846,0.46466125244086737,2.7325258954783496
231,3.182357299255143,-3.186579733846099,0.4671574286725429,2.712005096686397
232,3.178480573080442,-3.2172518643474266,0.4694640940328393,2.693042246572551
233,3.1741676161983006,-3.247806479014769,0.47272468361275494,2.6662372871055373
234,3.16942043048539,-3.27822738130058,0.4766276321480662,2.6341515631201333
235,3.1642410239850194,-3.308498401058575,0.4813370386270289,2.5954360343213345
236,3.1586313911363955,-3.3386033496821073,0.48677637951832836,2.5507197925052387
237,3.1525935352586263,-3.368526051162974,0.49303208170823265,2.499466958601979
238,3.146129454993612,-3.3982503270600617,0.5000713666899943,2.4563197095081106
239,3.1392411540762386,-3.427759989346282,0.5080419167803385,2.4563197095081106
240,3.131930631763894,-3.4570388621349224,0.516577047388717,2.4563197095081106
241,3.124199890109468,-3.4860707617372233,0.5271987973045891,2.4563197095081106
242,3.1160513619777017,-3.5148402737126436,0.5299485927126203,2.4563197095081106
243,3.1074911988337406,-3.543338508528122,0.5302530013043955,2.4563197095081106
244,3.0985274503806615,-3.571559927130414,0.5313563092668856,2.4563197095081106
245,3.089168183465861,-3.5994990131087605,0.5324370760785434,2.4563197095081106
246,3.0794214603065146,-3.6271502510485036,0.5337307962115333,2.4563197095081106
247,3.0692953482480294,-3.6545081185207633,0.5351846588329812,2.4563197095081106
248,3.058797913592797,-3.681567101703894,0.5368674910384604,2.4563197095081106
249,3.047937216201769,-3.7083216826809027,0.5387195022522125,2.4563197095081106
250,3.0367213299205313,-3.734766347404516,0.5408522130933998,2.4563197095081106
251,3.0251583145630443,-3.7608955745287354,0.5431967148299253,2.4563197095081106
252,3.013256235886697,-3.7867038528210255,0.5458352790171134,2.4563197095081106
253,3.0010231571986723,-3.8121856616885035,0.5487265711820395,2.4563197095081106
254,2.988467150011825,-3.837335486296067,0.5519427796604629,2.4563197095081106
255,2.975596276508089,-3.8621478086573005,0.5554951338697963,2.4563197095081106
256,2.9624185947959303,-3.886617110050029,0.5593371098777484,2.4563197095081106
257,2.9489421810654135,-3.9107378780720587,0.5635855337800459,2.4563197095081106
258,2.9351750974749784,-3.93450459302247,0.5682127813898503,2.4563197095081106
259,2.9211254033288228,-3.957911738716131,0.5732226818945905,2.4563197095081106
260,2.906801168387319,-3.9809537995127573,0.5786813857215417,2.4563197095081106
261,2.8922104605761194,-4.003625252966112,0.584576034635002,2.4563197095081106
262,2.8773613427983764,-4.025920591359448,0.5909651503196658,2.4563197095081106
263,2.8622618771655364,-4.047834291562841,0.5978865344559005,2.4563197095081106
264,2.8469201305367413,-4.069360838022782,0.6051436489101609,2.4563197095081106
265,2.831344170269147,-4.090494709167643,0.6137643454936864,2.4563197095081106
266,2.8155420628061174,-4.111230401462805,0.6198326197749514,2.4563197095081106
267,2.799521566416251,-4.13156203467001,0.6428156710012674,2.4563197095081106
268,2.7832848641293624,-4.151477312349737,0.6808987704224573,2.4563197095081106
269,2.766829191531074,-4.170958220897121,0.7179502938453728,2.4563197095081106
270,2.750151614323763,-4.189986549394312,0.7577661124281708,2.4563197095081106
271,2.733249204282462,-4.208544106466697,0.7994559520088358,2.4563197095081106
272,2.716119027133044,-4.226612682910937,0.8432890190776232,2.4563197095081106
273,2.6987581474173954,-4.244174067843892,0.8890915820685074,2.4563197095081106
274,2.681163640984016,-4.261210070626715,0.9370193407623798,2.4563197095081106
275,2.663332574033295,-4.277702474323436,0.986871034497129,2.4563197095081106
276,2.6452620102285733,-4.29363308865968,1.0383988767941477,2.4563197095081106
277,2.6269490227449364,-4.308983697348459,1.0923830474179337,2.4563197095081106
278,2.608390675708492,-4.3237361015255225,1.1445968511294036,2.4563197095081106
279,2.5895840390008154,-4.337872098724051,1.2100237105370262,2.4563197095081106
280,2.570528136240239,-4.351376650912231,1.1888703223047987,2.4563197095081106
281,2.551239285376523,-4.36426271807744,1.1373879433549126,2.4563197095081106
282,2.531742808927274,-4.376557839415077,1.0903002168922244,2.4563197095081106
283,2.5120641089604323,-4.388289682954414,1.0378660115809273,2.4563197095081106
284,2.492228584630962,-4.399485915954251,0.988427203674527,2.4563197095081106
285,2.472261639759289,-4.410174207249047,0.920553355848933,2.4563197095081106
286,2.452188503400156,-4.4203816297206675,0.9221592768463787,2.4563197095081106
287,2.4320246590587704,-4.430101764177958,1.0705790981129304,2.4563197095081106
288,2.411770912849259,-4.439277794286347,1.2014965298093607,2.4563197095081106
289,2.3914268573196553,-4.447848726604555,1.347861150952563,2.4563197095081106
290,2.3709920879427155,-4.455753569319027,1.4947619749640428,2.4563197095081106
291,2.350466203566942,-4.4629313227968055,1.6673962240470404,2.4563197095081106
292,2.3298488480030746,-4.46932164212676,1.7646772767810444,2.4563197095081106
293,2.3091427576857333,-4.474900512315731,1.6943470058841628,2.4563197095081106
294,2.2883553269862746,-4.479698783163908,1.643298451795893,2.4563197095081106
295,2.2674943333867295,-4.483751878618269,1.5773054793253911,2.4563197095081106
296,2.2465675677500245,-4.487095224798363,1.5081025839888973,2.4563197095081106
297,2.2255828027635056,-4.48976423464574,1.4319406617996329,2.4563197095081106
298,2.204547825216631,-4.491794333544192,1.35941659374015,2.4563197095081106
299,2.183470417412134,-4.493230870342424,1.1259316102028116,2.4563197095081106
300,2.1623583646182287,-4.494166555814284,0.8828588014422933,2.4563197095081106
301,2.1412194532681106,-4.494708206562016,0.6430060773308975,2.4563197095081106
302,2.120061467152195,-4.494962658134188,0.4012689434755158,3.3250734768705823
303,2.0988921990746334,-4.495036726084882,0.16986349407845772,9.26287479156196
304,2.0777194349706094,-4.495037233034459,0.09567386784617393,13.148928196985896
305,2.056550735642783,-4.495067958699098,0.19184566068295922,8.079067094745884
306,2.035389391769129,-4.495173966910488,0.14562259031854471,10.974002601681738
307,2.0142348396158427,-4.4953474574743515,0.13061954221531588,12.358035454430897
308,1.9930863788992972,-4.495578714106457,0.10725918529769123,12.92477864657835
309,1.9719432973504145,-4.495858035460343,0.08600252700539758,13.336046651906978
310,1.9508049038872661,-4.496175698973316,0.06418248585105547,13.758214834616497
311,1.9296704890597705,-4.496521997211366,0.04252182172516168,14.177299434211314
312,1.908539354559991,-4.496887230983241,0.020748502054528915,14.598563662444692
313,1.88741079086736,-4.497261687711414,0.0010344691469964568,14.979985374144464
314,1.8662841029087143,-4.497635650098202,0.022813568179117356,14.558609328407195
315,1.845158586538418,-4.497999416554154,0.04444712423173357,14.140049208392936
316,1.8240335333611504,-4.498343271895279,0.06687784235329305,13.706065814903146
317,1.8029082474252025,-4.498657519432655,0.08601043969513392,13.33589355935217
318,1.7817821985823592,-4.498935200134096,0.08068364878193643,13.438954851656408
319,1.7606553533601,-4.499176709498451,0.07752988651020269,13.499972980702912
320,1.7395277431163043,-4.499383658024837,0.07379642824587675,13.572206909114119
321,1.718399402133576,-4.499557657840092,0.07018645198500514,13.642051741527434
322,1.6972703647650058,-4.499700326214571,0.06659369991256245,13.711563325058393
323,1.6761406750633938,-4.499813268122045,0.06297447109133535,13.781587173476447
324,1.6550103591644079,-4.499898094217835,0.05937104105775629,13.851305351276228
325,1.6338794594740924,-4.499956416385797,0.05571579741094562,13.922026004680106
326,1.612748008024555,-4.499989851965709,0.05218210431125241,13.990394931374535
327,1.591616046465379,-4.5,0.04846287207772744,14.062353618436381
328,1.5704836064128935,-4.499988489847335,0.04496041747167373,14.130118151307853
329,1.5493507224597511,-4.499956913900399,0.041276470977482944,14.201394139545032
330,1.528217433114744,-4.4999068961660695,0.03768057317649951,14.270966585770609
331,1.50708377380922,-4.499840047879225,0.03408902467958025,14.340454882851834
332,1.4859497788478508,-4.499757974305215,0.030475606639220235,14.410366305872456
333,1.4648154915415785,-4.499662285585625,0.02688355638188071,14.47986431087693
334,1.443680938281665,-4.499554594083335,0.02320014464820045,14.551129952714149
335,1.422546158215173,-4.499436523786134,0.019708223355181322,14.61869068992867
336,1.401411185748933,-4.49930966623466,0.015979717890323944,14.690828792931658
337,1.3802760644640857,-4.499175651287296,0.01249433145912321,14.758263095428727
338,1.35914082042367,-4.499036071591861,0.008773188008203198,14.830258760201511
339,1.3380054970465,-4.498892557869194,0.005243515134919269,14.898549904655967
340,1.316870124771668,-4.4987467086394455,0.0016160500497936238,14.968733106053136
341,1.2957347467940676,-4.49860013404767,0.0019660720603431538,14.961960976016497
342,1.2745993895291694,-4.4984544524592485,0.005743581255209149,14.888874762260768
343,1.2534640889639022,-4.498311057261137,0.0057625413195327045,14.88850792812682
344,1.232328853105789,-4.49817022779258,0.005660555532631181,14.89048112121174
345,1.2111936773299332,-4.498031927314959,0.005556902943154585,14.892486563136572
346,1.1900585652025097,-4.497896106838203,0.005415568856197672,14.89522105635881
347,1.1689235116668124,-4.497762715057353,0.0053962621765811306,14.895594596710556
348,1.147788512180179,-4.497631721234557,0.005202693201527892,14.899339716247642
349,1.1266535742405652,-4.497503062540483,0.0051520910480153575,14.900318752860748
350,1.1055186932230752,-4.497376702236513,0.005055311105986636,14.902191224684243
351,1.0843838642810333,-4.497252595872236,0.00489667799547694,14.905260414678327
352,1.0632490865347897,-4.49713068772973,0.0048799513282199265,14.905584037657254
353,1.04211436391327,-4.497010946817751,0.004689189337343854,14.909274848432934
354,1.0209796912650722,-4.496893310685321,0.004630785085599278,14.910404837906698
355,0.9998450723553687,-4.496777740627662,0.004535252641337349,14.91225317348492
356,0.9787104980789084,-4.496664194894549,0.004415897392443376,14.914562426165336
357,0.957575971966623,-4.496552621924155,0.00429623363749352,14.916877647736461
358,0.9364414975729396,-4.496442971869155,0.0042246479542636,14.918262667938
359,0.9153070617433485,-4.496335208246067,0.00414171585410893,14.919867215507958
360,0.894172672350305,-4.496229287081634,0.00395401373114049,14.923498824797042
361,0.8730383284664538,-4.496125144940929,0.003935915250482228,14.923848989246103
362,0.851904025444831,-4.4960227519468265,0.003795169252308981,14.926572104287553
363,0.8307697625805741,-4.495922056664199,0.0036855517035594173,14.928692954611407
364,0.8096355393318603,-4.495823011083451,0.0036200565859173576,14.92996013621733
365,0.7885013507484271,-4.495725575902892,0.003464179240482946,14.93297600842317
366,0.7673672046660586,-4.495629696001511,0.0034124064393749876,14.93397769440547
367,0.746233092096267,-4.495535333913613,0.0032727822174103594,14.936679105627936
368,0.7250990165237073,-4.495442438936356,0.0032018769801750125,14.938050960746656
369,0.7039649731714765,-4.495350967474845,0.0030399063413214943,14.941184724325442
370,0.6828309612179491,-4.495260863809421,0.003010360354764499,14.941756371984715
371,0.6616969802982318,-4.495172097077276,0.002876050018390118,14.944354971603534
372,0.6405630339432562,-4.495084615716578,0.002750094643896884,14.946791921707165
373,0.6194291128833039,-4.494998365975574,0.0026667700094106933,14.948404063923906
374,0.598295220860051,-4.494913307434979,0.0025829326937066833,14.950026125356498
375,0.577161353015789,-4.494829399075123,0.002450910501017692,14.952580454597703
376,0.5560275129974983,-4.494746589330707,0.002370014923435107,14.954145600086463
377,0.5348936958659501,-4.494664835469293,0.0022519001668419164,14.956430852061445
378,0.5137599051638239,-4.494584086786303,0.002123993073229709,14.958905563492278
379,0.49262613603198263,-4.4945042936860755,0.0020877958891508956,14.959605896700344
380,0.4714923837999671,-4.494425424576982,0.001936387027938401,14.962535313896767
381,0.4503586561757643,-4.49434742348423,0.001825936323174206,14.964672283895103
382,0.429224944006419,-4.494270240940595,0.0017551182300286666,14.966042452973829
383,0.4080912467052591,-4.494193838371465,0.001630706636157354,14.968449534432619
384,0.3869575721322786,-4.49411816665833,0.0015389804764635337,14.970224227059042
385,0.36582390698096173,-4.494043182461431,0.0014487528451961789,14.971969926567715
386,0.34469025911201556,-4.493968840950256,0.0012987994459011637,14.97487118388541
387,0.3235566234099958,-4.493895086533583,0.0012423070038150882,14.975964184189287
388,0.3024229954123321,-4.49382188161034,0.0011133335760809427,14.978459526760789
389,0.28128938239877177,-4.493749177079375,0.001025783740519239,14.980153417011232
390,0.2601557762034914,-4.493676927731952,0.0008980240460355926,14.982625276604079
391,0.23902217963834593,-4.493605084600563,0.0008386758570418228,14.983773529117325
392,0.21788858753272222,-4.493533609247706,0.0006877113988709799,14.986694348125361
393,0.19675500436872684,-4.493462447510293,0.0006231054233061053,14.98794432685379
394,0.17562142089053034,-4.493391559357811,0.0004951553719844309,14.990419869418627
395,0.15448784456370213,-4.493320896541156,0.000423060484302026,14.991814741568511
396,0.13335427072738837,-4.49325041546196,0.00025391053873106766,14.99508740840823
397,0.11222069453277217,-4.493180058805819,0.00023287439860511836,14.995494409888446
398,0.09108712368037664,-4.493109795468671,6.79797204272624e-05,14.998684746979583
399,0.06995354465294168,-4.493039570968211,1.729504735867104e-05,14.999665380158469
400,0.04881996619400464,-4.492969345593143,0.00014893450772287945,14.997118455917505
401,0.02768638637947285,-4.492899063656788,0.0001813278248692157,14.996491718885485
402,0.0065528012344679976,-4.492828689258691,0.000367625002628764,14.99288729209168
403,-0.014580794101574646,-4.492758164227198,0.00037128801798132384,14.99281642107344
404,-0.03571439249663011,-4.492687458332855,0.0005767510033241316,14.988841179481424
405,-0.056848002351476135,-4.492616509221883,0.0005884995681632103,14.988613871465253
406,-0.07798162003905729,-4.492545285054458,0.0007639287383412149,14.985219715906865
407,-0.09911524632297497,-4.49247373010919,0.0007989681788724909,14.984541782404007
408,-0.1202488869305931,-4.492401807680442,0.0009762050231942862,14.98111265246116
409,-0.141382540920018,-4.492329459422997,0.0010160408095999257,14.980341920571394
410,-0.1625162105136433,-4.492256650241585,0.0011508036702058422,14.977734565637629
411,-0.18364989061387393,-4.492183328527515,0.0012654303825872825,14.975516799387155
412,-0.20478359176625527,-4.492109444855216,0.001335615301970302,14.974158880781046
413,-0.22591730926547493,-4.492034961349388,0.0014492496125172595,14.971960315249582
414,-0.24705104378115172,-4.491959829146657,0.001580880899888592,14.969413549137448
415,-0.2681848012403605,-4.491883996968097,0.0016292681268685611,14.968477366316526
416,-0.2893185769142932,-4.491807428652915,0.001790050521541829,14.96536659256084
417,-0.3104523756400188,-4.491730067743959,0.0018566789758154615,14.964077483468037
418,-0.3315861991066764,-4.491651875699594,0.001947005903654926,14.962329862796471
419,-0.3527200473214054,-4.491572809639856,0.002095048140757776,14.95946558212166
420,-0.37385392047930854,-4.491492812968746,0.0021727673858312657,14.95796189144472
421,-0.39498782438998403,-4.4914118429798595,0.0022871871042716074,14.955748130056351
422,-0.41612175039212773,-4.491329853961138,0.0023662387190602815,14.954218661054918
423,-0.43725571240703043,-4.491246804306411,0.0024937268749532834,14.951752055116385
424,-0.45838970184387384,-4.491162643160106,0.0025882577981532996,14.949923096693487
425,-0.4795237204622833,-4.491077326837075,0.0026693058713944517,14.948355000760474
426,-0.500657775824342,-4.49099081182573,0.0028345860674739713,14.945157204774516
427,-0.5217918617424486,-4.4909030413391555,0.002855488208496931,14.94475279587226
428,-0.542925986182716,-4.490813984741902,0.003017583516932737,14.941616620220527
429,-0.5640601458470247,-4.490723586191087,0.003098516855859548,14.940050744135617
430,-0.5851943419382499,-4.490631800269701,0.0032225898815509565,14.937650213201284
431,-0.6063285780154914,-4.490538579058405,0.00328873136688627,14.936370525850183
432,-0.6274628517061676,-4.490443883894071,0.0034194596000110137,14.933841231784386
433,-0.648597167753366,-4.490347665177564,0.003496236694742636,14.932355769574334
434,-0.6697315255957283,-4.490249879154313,0.003646027835561156,14.92945765158922
435,-0.6908659317993138,-4.490150470276488,0.0037156708125140095,14.928110218336885
436,-0.7120003776088364,-4.490049399690045,0.003809607326863027,14.926292760373709
437,-0.7331348676734024,-4.489946624653867,0.003937871443835238,14.923811141352646
438,-0.7542694073280931,-4.489842094728927,0.004007864383911454,14.922456937109608
439,-0.7754039965800477,-4.489735767035258,0.004175408009293456,14.919215348913152
440,-0.7965386327348885,-4.489627584032831,0.004208110307707802,14.918582633796147
441,-0.8176733202655058,-4.489517515839313,0.004310623519364532,14.916599236241455
442,-0.8388080592847684,-4.489405511859467,0.004547233179750169,14.912021377307552
443,-0.8599428510542897,-4.489291522390027,0.004165575215019827,14.919405591124892
444,-0.8810776895504813,-4.489175690470611,0.0035345284249391692,14.931614911661393
445,-0.9022125792080034,-4.4890582855213825,0.0028210668584755178,14.945418770729145
446,-0.9233475024872704,-4.488939613182174,0.0022018659918771016,14.9573988995811
447,-0.9444824566250387,-4.48881995980992,0.0015460048278022529,14.970088321832357
448,-0.9656174369998509,-4.488699620282008,0.00082827321517735,14.98397479658425
449,-0.9867524399980192,-4.488578900654818,0.000244492643783243,14.995269623261398
450,-1.0078874565558307,-4.488458081093599,0.0004650169332220019,14.99100297968098
451,-1.0290224784998676,-4.488337461515119,0.001070906909242019,14.979280386295889
452,-1.050157502474891,-4.488217329116208,0.001795066839890381,14.965269538206721
453,-1.071292520213501,-4.488097990671645,0.0024123621218898076,14.953326278083905
454,-1.0924275312616905,-4.4879797334650435,0.0030776664200356423,14.940454152659836
455,-1.1135625234783006,-4.487862850433658,0.0037328911415395044,14.927777044125207
456,-1.1346974928456142,-4.487747634757728,0.004384347481316033,14.915172845208593
457,-1.155832435334168,-4.487634380474744,0.0050725314449975405,14.90185805027937
458,-1.1769673387088213,-4.487523387379979,0.005694390102540042,14.889826499215836
459,-1.1981022065772873,-4.487414942878536,0.006379613246694652,14.876568989412254
460,-1.2192370232229512,-4.487309346661552,0.007041477978849129,14.863763411769355
461,-1.2403717880978227,-4.487206892870653,0.007660020196210783,14.851796026282516
462,-1.2615064932281959,-4.487107866849318,0.008356663426532417,14.838317563778185
463,-1.2826411304171539,-4.487012570228815,0.009003124582100546,14.825810010318133
464,-1.3037756997087024,-4.486921296310878,0.00966097496367284,14.813082101231311
465,-1.3249101889616828,-4.486834338032759,0.01031797922948379,14.800370562560605
466,-1.3460445976398527,-4.486751988678836,0.010972462507578584,14.787707799270077
467,-1.3671789141588047,-4.486674542918223,0.011656060645164086,14.774481729648725
468,-1.3883131338383428,-4.486602299914569,0.012286635875473824,14.762281532721575
469,-1.4094472533232292,-4.4865355468647055,0.012939679766743331,14.749646618293289
470,-1.430581263373536,-4.486474576792666,0.013634077578820925,14.736211599526428
471,-1.4517151610263084,-4.486419690628672,0.014247256361146775,14.724347984312345
472,-1.472848937135598,-4.486371174538743,0.014945604806974228,14.710836529765235
473,-1.4939825881582056,-4.4863293294357405,0.015582996887038875,14.698504442295235
474,-1.5151161054461952,-4.486294447503808,0.01626185907995553,14.685370002434805
475,-1.5362494855386006,-4.486266823655042,0.016872789696465672,14.673549884117458
476,-1.5573827192894742,-4.486246744055462,0.017596608778601655,14.659545630671996
477,-1.5785157995919081,-4.486234515514561,0.018214403115735186,14.647592714967068
478,-1.5996487300536133,-4.4862304254374425,0.018883008190241017,14.63465672702562
479,-1.620781494471712,-4.486234766639869,0.019527212475950125,14.622192838865748
480,-1.6419140882482415,-4.486247832284724,0.02022315972372479,14.608727842041201
481,-1.6630465078400012,-4.486269923284873,0.020840857008620477,14.596776804076402
482,-1.6841787487312638,-4.486301326802433,0.021535268055993127,14.583341529236675
483,-1.7053107986986356,-4.486342341775425,0.022159665848171608,14.571260851691328
484,-1.7264426584368535,-4.486393256379426,0.02284272986563107,14.558045116079953
485,-1.747574314562034,-4.48645436951774,0.02350590473714802,14.545214190219337
486,-1.7687057676866789,-4.486525975366709,0.02412615760611608,14.533213707513534
487,-1.7898370098135845,-4.486608360984316,0.024842855582889005,14.519347231265133
488,-1.8109680367488181,-4.48670183240958,0.025471736980074048,14.507179806157568
489,-1.8320988352612178,-4.486806677401535,0.026110542890917302,14.49482036427672
490,-1.8532294071472708,-4.486923188456726,0.02686035366843338,14.480313230624638
491,-1.8743597385015875,-4.487051660174845,0.02718571386566281,14.474018250600595
492,-1.8954898340218853,-4.4871923851392195,0.029069441568783,14.437572402697711
493,-1.9166196773995576,-4.487345663880882,0.025252820944564904,14.51141533368124
494,-1.937749244933284,-4.487505177725514,0.04626943352900905,14.104791666992178
495,-1.958878439992945,-4.4876443449334396,0.11357213913928604,12.80263734391152
496,-1.98000715915353,-4.487732716627319,0.18207301410865875,8.568452204613244
497,-2.001135296253267,-4.4877398318414965,0.25024523848301444,5.9488333204992925
498,-2.022262734638969,-4.48763523272692,0.31853231979483326,4.449602533661273
499,-2.043389376342791,-4.487388453417411,0.3866924212703634,3.478637671538172
500,-2.064515105848542,-4.486969037813131,0.4547283725877952,2.8141830422386613
501,-2.0856398198369406,-4.4863465293214695,0.5225414465330871,2.4563197095081106
502,-2.1067634156394375,-4.485490466223658,0.5899111378150261,2.4563197095081106
503,-2.1278857736546253,-4.484370394012871,0.6567334370137407,2.4563197095081106
504,-2.1490067999411373,-4.48295584951618,0.7226367468468679,2.4563197095081106
505,-2.170126377312531,-4.481216371438164,0.7875495529062919,2.4563197095081106
506,-2.191244354101162,-4.4791215154616975,0.8503103752242838,2.4563197095081106
507,-2.2123563890444315,-4.476641617582045,0.9107826839229342,2.4563197095081106
508,-2.2334507481081163,-4.473748392096395,0.9714781882334592,2.4563197095081106
509,-2.2545149574278103,-4.47041370183563,1.0319020445392544,2.4563197095081106
510,-2.275536530977443,-4.466609407551653,1.0917169125915418,2.4563197095081106
511,-2.2965029832054604,-4.462307377728995,1.150687052004678,2.4563197095081106
512,-2.3174018410391612,-4.457479459785353,1.208136395221884,2.4563197095081106
513,-2.338220608980579,-4.452097527910969,1.2636907671714652,2.4563197095081106
514,-2.3589468196419943,-4.446133438269629,1.316699943852573,2.4563197095081106
515,-2.379567981194879,-4.439559051439672,1.3663614317334742,2.4563197095081106
516,-2.400071617559572,-4.432346222467291,1.4124949829979945,2.4563197095081106
517,-2.420445242522041,-4.424466825820422,1.4521831674231094,2.4563197095081106
518,-2.4406763737021575,-4.415892710353574,1.493187960656721,2.4563197095081106
519,-2.4607534710234007,-4.406600794958237,1.4435874033190024,2.4563197095081106
520,-2.4806703323785917,-4.396596814157568,1.384243097324547,2.4563197095081106
521,-2.5004226474748887,-4.385896709657337,1.3282315492670358,2.4563197095081106
522,-2.5200061209531173,-4.37451643475885,1.272714210121417,2.4563197095081106
523,-2.5394164433402437,-4.362471956062902,1.218875814092071,2.4563197095081106
524,-2.558649313972648,-4.349779232715359,1.1668171669411804,2.4563197095081106
525,-2.577700428846209,-4.336454213470924,1.1166210471733053,2.4563197095081106
526,-2.59656549063781,-4.322512867866629,1.068658917642885,2.4563197095081106
527,-2.615240187266879,-4.307971140985182,1.0227388000710678,2.4563197095081106
528,-2.633720221422048,-4.29284500150636,0.9791748626550237,2.4563197095081106
529,-2.6520012891579334,-4.277150393898607,0.9377346744761976,2.4563197095081106
530,-2.6700790855259893,-4.260903293474088,0.8986406202804508,2.4563197095081106
531,-2.6879493048400955,-4.244119644649177,0.8616428880408978,2.4563197095081106
532,-2.705607652192101,-4.2268154101723105,0.8268614589361146,2.4563197095081106
533,-2.7230498176462,-4.209006548054407,0.794115144704222,2.4563197095081106
534,-2.740271501095525,-4.19070901917319,0.7634143964592894,2.4563197095081106
535,-2.7572683979087187,-4.17193877569502,0.7346477148888134,2.4563197095081106
536,-2.774036202827186,-4.152711773197904,0.7076880596377153,2.4563197095081106
537,-2.790570615603085,-4.133043982846596,0.6825673250062586,2.4563197095081106
538,-2.8068673352275058,-4.112951346624562,0.659107802957509,2.4563197095081106
539,-2.8229220540033935,-4.092449828612909,0.6372462282852128,2.4563197095081106
540,-2.8387304700478992,-4.071555392209053,0.6169836404195015,2.4563197095081106
541,-2.8542882834068743,-4.050283987146441,0.5980201756557335,2.4563197095081106
542,-2.869591185222772,-4.028651577471469,0.5810178692328598,2.4563197095081106
543,-2.8846348789406844,-4.006674119022487,0.5632541301882598,2.4563197095081106
544,-2.8994150101453413,-3.984366579663068,0.5591190872812672,2.4563197095081106
545,-2.9139267624356786,-3.9617328657891377,0.5604824092530306,2.4563197095081106
546,-2.928164995606138,-3.938769929237573,0.5599855759286843,2.4563197095081106
547,-2.9421245801683162,-3.9154746175381856,0.5594939302793994,2.4563197095081106
548,-2.955800377039825,-3.891843758208935,0.558419142556448,2.4563197095081106
549,-2.9691872579044976,-3.8678741979570916,0.5569792256657491,2.4563197095081106
550,-2.9822800869617105,-3.8435627789780376,0.5550995174315947,2.4563197095081106
551,-2.995073727215108,-3.818906346004199,0.5528000870307845,2.4563197095081106
552,-3.007563044036305,-3.7939017404084194,0.5500857270566212,2.4563197095081106
553,-3.0197429028908997,-3.768545796705521,0.546969463022121,2.4563197095081106
554,-3.031608166178793,-3.7428353613250795,0.5433854606665829,2.4563197095081106
555,-3.043153707987035,-3.716767275043026,0.5395949882128098,2.4563197095081106
556,-3.054374385563802,-3.6903383789892152,0.5348172296937959,2.4563197095081106
557,-3.0652635493463296,-3.663547453717194,0.537079938643998,2.4563197095081106
558,-3.07580565081557,-3.6364046847263527,0.5411487297099211,2.4563197095081106
559,-3.085981889616786,-3.6089244062440797,0.5458197302751783,2.4563197095081106
560,-3.0957734793681366,-3.581120949485296,0.5514349620447253,2.4563197095081106
561,-3.1051616214438784,-3.5530086495867077,0.5578252604799523,2.4563197095081106
562,-3.114127518853272,-3.5246018494523583,0.5650325589200992,2.4563197095081106
563,-3.1226523736330556,-3.495914878235546,0.5729526725103549,2.4563197095081106
564,-3.130717398182152,-3.4669620714027407,0.5816811742458631,2.4563197095081106
565,-3.1383037886408602,-3.4377577647916953,0.5909656961799648,2.4563197095081106
566,-3.1453927503276757,-3.408316302233132,0.6013849941972547,2.4563197095081106
567,-3.151965496245268,-3.3786520174963717,0.6107549715403636,2.4563197095081106
568,-3.158003218032937,-3.3487792359932933,0.6272180280692755,2.4563197095081106
569,-3.1634880043664677,-3.318712311682671,0.6144104302604597,2.4563197095081106
570,-3.168425134525949,-3.288465789632767,0.5683813827862355,2.4563197095081106
571,-3.172844923408286,-3.2580544311922597,0.5300352786626353,2.4563197095081106
572,-3.176778936029987,-3.2274930153778665,0.4906257425547208,2.5190745891960296
573,-3.1802587450212463,-3.196796316288417,0.45257144070575506,2.8319149493843288
574,-3.1833159130658433,-3.1659791137284587,0.41523485570581586,3.1779420806253107
575,-3.185982001189054,-3.1350561814497016,0.37875197253384596,3.577661648328268
576,-3.1882885767048763,-3.104042300252792,0.3430530533959449,4.056782945540608
577,-3.1902672082875134,-3.0729522363997996,0.30809616902613596,4.63990372792532
578,-3.1919494556372814,-3.0418007756092553,0.27383564026101753,5.350942986090364
579,-3.193366886812893,-3.0106026866976285,0.2399864291383146,6.2530554555385045
580,-3.19455106565862,-2.9793727495041784,0.2073038976860808,7.399809748146486
581,-3.1955335606724478,-2.948125743149756,0.1724607363000035,9.105545313569326
582,-3.1963450361218757,-2.916875714758226,0.1530278310284103,10.394736037989881
583,-3.197005736099546,-2.8856282756921967,0.14071522672511708,11.395711586864447
584,-3.1975292094388705,-2.8543836125283484,0.1266454446190141,12.549698608491909
585,-3.1979288980813334,-2.823141833176957,0.11304119840263795,12.812909839931656
586,-3.1982182347667263,-2.7919030392698345,0.0992755750432386,13.079243352155345
587,-3.1984106603347855,-2.7606673343962838,0.08555531515094289,13.3446991844364
588,-3.1985196077132643,-2.729434806472083,0.07179474521898101,13.610934924329475
589,-3.1985585181694254,-2.698205570248167,0.05804117128599314,13.877035307549654
590,-3.1985408285047794,-2.6669797274778433,0.04427868646771109,14.143308096139023
591,-3.1984799797352763,-2.6357573688916296,0.030474042595318485,14.410396566565687
592,-3.1983894009547664,-2.6045386080187334,0.016877067364960693,14.673467120958488
593,-3.1982825372644146,-2.573323533996662,0.0023481939851334233,14.954567785626933
594,-3.1981727830138102,-2.54211225416975,0.008393589720687536,14.837603123947966
595,-3.1980693620420975,-2.510904644793372,0.00771107770921611,14.850808179498605
596,-3.1979737227120615,-2.479700193463094,0.008644263961018998,14.83275314737165
597,-3.197886444138463,-2.448498322324224,0.009187357281261717,14.822245526491066
598,-3.197808126787678,-2.417298462736769,0.009803933328573574,14.810316181924085
599,-3.1977393531384597,-2.3861000455226957,0.01040306028430799,14.798724437604008
600,-3.197680710750807,-2.354902511947202,0.011026245768653646,14.786667215458724
601,-3.197632795531361,-2.3237052872306796,0.01161827433210862,14.775212808889185
602,-3.1975961905626193,-2.292507800497948,0.012227110458256954,14.763433214197962
603,-3.1975714863762925,-2.2613094879574724,0.01284049375978167,14.751565642002411
604,-3.197559275883814,-2.230109781600882,0.013427747892844625,14.740203609805029
605,-3.197560141587434,-2.198908110535639,0.01404435649575112,14.728273635361315
606,-3.1975746787548114,-2.1677039042510406,0.014641294355773464,14.716724245065778
607,-3.1976034754909457,-2.136496606601397,0.015235816685459026,14.705221589789915
608,-3.19764711794403,-2.105285634796778,0.015839236983459574,14.693546779059036
609,-3.1977061989667583,-2.074070425115072,0.016442028018895164,14.681884143127993
610,-3.1977813090790934,-2.0428504146219977,0.017014658076602938,14.670805053537036
611,-3.1978730278820593,-2.0116250323382374,0.017631211165239195,14.658876153168226
612,-3.1979819546697903,-1.980393710446336,0.018212831505793864,14.647623122045962
613,-3.198108676609999,-1.9491558764781014,0.018804280355876946,14.636179931612038
614,-3.1982537819604073,-1.9179109631435665,0.019386337958787952,14.624918440457412
615,-3.1984178565402694,-1.8866584116558602,0.019969006569421664,14.613645127692639
616,-3.1986014934489835,-1.855397640290577,0.020589610433277387,14.60163785403384
617,-3.1988052831242775,-1.8241280921141991,0.021028854826892002,14.593139473755544
618,-3.199029809322879,-1.7928491894108856,0.022099205504542925,14.572430621867982
619,-3.1992756671949656,-1.7615603702424536,0.02088393969649284,14.595943252025942
620,-3.1995348685927394,-1.7302627018018337,0.02430317989271384,14.529788728774793
621,-3.199770583575751,-1.6989627494269595,0.06761889793421695,13.69172807439787
622,-3.1999399286467782,-1.6676682421073254,0.11159311237929812,12.840927011877218
623,-3.2000000000000006,-1.6363869082249665,0.1555783169545573,10.208772249094618
624,-3.1999079154866537,-1.6051264630880546,0.19993849987131826,7.712998361928132
625,-3.1996207752569066,-1.573894642915386,0.24461553593381652,6.112257001776395
626,-3.1990956918692937,-1.5426991680024413,0.2897283430451082,4.992393362717186
627,-3.1982897702216824,-1.511547766991596,0.3353236137241453,4.180607760803973
628,-3.1971601193441423,-1.480448163503203,0.38124054259809775,3.5449750230763866
629,-3.1956638475572734,-1.4494080905700342,0.4281797185412652,3.0415674771066787
630,-3.193758060017393,-1.418435257974916,0.4733970454830931,2.6607098718207087
631,-3.191399868977595,-1.3875374083018863,0.5268135521198141,2.4563197095081106
632,-3.188549000291656,-1.3567224343503317,0.5347943157894934,2.4563197095081106
633,-3.185197071681141,-1.3260003397596296,0.5202234407159483,2.4563197095081106
634,-3.1813569510920643,-1.2953825347803045,0.5115489047661645,2.4563197095081106
635,-3.177041886308214,-1.2648804573188557,0.5018005632620293,2.4563197095081106
636,-3.1722651256936296,-1.234505545299139,0.49285340686863827,2.500761198265603
637,-3.167039920074299,-1.2042692264274084,0.48423497501131035,2.5716124081289644
638,-3.1613795183240225,-1.1741829437883882,0.4760823169883668,2.6386345409357186
639,-3.1552971677050796,-1.1442581309849615,0.4683526337291757,2.702179443284585
640,-3.148806120145218,-1.1145062200443552,0.46110271262482516,2.761780272085059
641,-3.141919624078958,-1.0849386437469113,0.4542529825851558,2.8180911727897326
642,-3.134650930677583,-1.0555668469612836,0.44809105940993565,2.868747686558908
643,-3.1270132883873654,-1.0264022616105621,0.4415906430218905,2.922186916958696
644,-3.1190199115845423,-0.9974563065923028,0.4388119571446313,2.9450301974409405
645,-3.110680175067134,-0.9687393184082861,0.44697209404062577,2.8779465816158316
646,-3.1019960225411602,-0.9402594966854383,0.45398838564884936,2.82026639600595
647,-3.0929685633043906,-0.912024805379112,0.46180772144852783,2.7559844696756906
648,-3.0835988939831696,-0.8840432012048094,0.46988755535618154,2.6895610161601264
649,-3.0738881146841392,-0.856322641067895,0.47841816439608037,2.619431788319883
650,-3.0638373258357388,-0.8288711007506363,0.48730245374401693,2.5463949923577185
651,-3.053447633435182,-0.8016965309025659,0.49665910234314603,2.4770074583251014
652,-3.042720132774451,-0.774806900891807,0.5063768251678223,2.4563197095081106
653,-3.031655929268163,-0.748210161521987,0.5166049154637783,2.4563197095081106
654,-3.0202561234316883,-0.7219142822317068,0.5271016063272231,2.4563197095081106
655,-3.008521815951918,-0.6959272199436871,0.5386375887923174,2.4563197095081106
656,-2.9964541032836802,-0.670256943889312,0.5484266673898325,2.4563197095081106
657,-2.9840540548454664,-0.6449118289095932,0.5687760344300683,2.4563197095081106
658,-2.971321611047637,-0.6199128704444756,0.6040296136996005,2.4563197095081106
659,-2.9582554290853573,-0.5952954488991263,0.6400423080591375,2.4563197095081106
660,-2.9448540951072446,-0.5710957237446821,0.680384840960041,2.4563197095081106
661,-2.9311162037964347,-0.5473498670570511,0.7242857240473461,2.4563197095081106
662,-2.917040341880615,-0.5240940384104514,0.773260081114511,2.4563197095081106
663,-2.902625100562622,-0.5013644096909295,0.8241712909091424,2.4563197095081106
664,-2.8878720501346034,-0.4791849499475175,0.8090914982350526,2.4563197095081106
665,-2.872793124149925,-0.4575373622239853,0.7924694316135055,2.4563197095081106
666,-2.857402501162128,-0.4363941803250997,0.7714504346347453,2.4563197095081106
667,-2.8417143509329637,-0.41572794422467874,0.7471265169783874,2.4563197095081106
668,-2.825742853177642,-0.3955111876764759,0.7188940876002768,2.4563197095081106
669,-2.809502180731833,-0.37571643813948247,0.6894591551307624,2.4563197095081106
670,-2.7930051003399416,-0.3563236052026271,0.7055178667760628,2.4563197095081106
671,-2.7762594723817204,-0.33733819181128694,0.7212035231954121,2.4563197095081106
672,-2.759272081326954,-0.31877131227472805,0.7384331067167131,2.4563197095081106
673,-2.742049711327154,-0.3006340617681376,0.7567417409104982,2.4563197095081106
674,-2.724599148359154,-0.2829375293465553,0.7763334034797695,2.4563197095081106
675,-2.706927189745079,-0.2656928233574133,0.7972236919917706,2.4563197095081106
676,-2.6890406115118255,-0.24891103881864,0.8193910515863387,2.4563197095081106
677,-2.670946207673909,-0.2326032712861997,0.842966822937841,2.4563197095081106
678,-2.652650762876155,-0.2167806222963015,0.8678978036363476,2.4563197095081106
679,-2.6341610659085193,-0.2014541874201562,0.894287291220271,2.4563197095081106
680,-2.6154839025774907,-0.18663506814295963,0.922089773167144,2.4563197095081106
681,-2.596626061093955,-0.1723343599328414,0.9513905834991367,2.4563197095081106
682,-2.577594327263227,-0.15856316436072257,0.9821171968425271,2.4563197095081106
683,-2.5583954939369837,-0.14533257711930597,1.0143419692781754,2.4563197095081106
684,-2.539036337144469,-0.13265369305506938,1.0480003307576433,2.4563197095081106
685,-2.5195236553671263,-0.12053762063588241,1.0830396089612664,2.4563197095081106
686,-2.49986422936075,-0.10899544867485537,1.1194353544351545,2.4563197095081106
687,-2.480064851313362,-0.09803827893382541,1.1571173419141112,2.4563197095081106
688,-2.4601323029662074,-0.08767721303367203,1.195891632189128,2.4563197095081106
689,-2.4400733737787705,-0.07792334004784553,1.2357065680843657,2.4563197095081106
690,-2.4198948518761747,-0.06878776170241627,1.2764375912513108,2.4563197095081106
691,-2.399603527038526,-0.06028158603346341,1.3175026645903356,2.4563197095081106
692,-2.3792061841679235,-0.05241589580337365,1.359777238149019,2.4563197095081106
693,-2.3587096077376755,-0.045201805064237634,1.399389839639042,2.4563197095081106
694,-2.338120587290674,-0.0386503968030154,1.4486803099742656,2.4563197095081106
695,-2.317445929086504,-0.03276784892860231,1.397200078563036,2.4563197095081106
696,-2.29669257300187,-0.027528265886310587,1.3233139481333256,2.4563197095081106
697,-2.275867509644404,-0.022892943014290273,1.2488121978631093,2.4563197095081106
698,-2.2549777277295444,-0.01882314429156349,1.1692918667331287,2.4563197095081106
699,-2.234030217628885,-0.015280139921435886,1.0871107651334635,2.4563197095081106
700,-2.2130319698843595,-0.012225187677056808,1.0028513041812588,2.4563197095081106
701,-2.191989973127999,-0.009619557623938735,0.9171623677555142,2.4563197095081106
702,-2.170911221963459,-0.007424507656723022,0.8307417264846981,2.4563197095081106
703,-2.1498027021180173,-0.005601308011317713,0.7438786064473698,2.4563197095081106
704,-2.1286714081976768,-0.004111216410913834,0.656943357682547,2.4563197095081106
705,-2.107524324854983,-0.002915496798766571,0.5702664991183245,2.4563197095081106
706,-2.0863684465255985,-0.001975419328223263,0.4832898435695692,2.579382232992211
707,-2.0652107637491084,-0.0012522419438837024,0.3982264431933544,3.357126328643475
708,-2.0440568844137026,-0.000711411705773702,0.363428823837318,3.7789266343204764
709,-2.0229074712363997,-0.00033328830407767726,0.32713693280381606,4.3117575330543945
710,-2.001762096091882,-0.00010158607703177926,0.29097227241235624,4.968521609531967
711,-1.9806203142861536,-4.839878497975292e-16,0.2546769423167775,5.831886824622432
712,-1.9594816966203403,-1.2238032841856324e-05,0.21831754083488095,6.970572271961694
713,-1.9383457993894209,-0.00012200770151392284,0.18188619839083708,8.578696282565964
714,-1.9172121940616993,-0.00031301063956482196,0.14541447085439904,10.990550172822934
715,-1.8960804399167932,-0.0005689483732422736,0.10896436207278067,12.891787353150164
716,-1.8749501001280464,-0.0008735348089918445,0.07250117039678977,13.597267203383108
717,-1.8538207381249072,-0.0012104651651620485,0.035736235911732285,14.308585090879514
718,-1.8326919177455494,-0.001563447193338987,0.00031351796012077886,14.993934140337556
719,-1.8115632063953808,-0.0019161824913039504,0.04028123653948515,14.220649662991917
720,-1.7904341787853273,-0.002253110328652641,0.051624620786582594,14.001180969990852
721,-1.769304684844378,-0.002568195719873292,0.0467631062407791,14.095240222514734
722,-1.748174728006735,-0.002862119962190403,0.04570643857273899,14.115684339278264
723,-1.7270443393313917,-0.0031357088277218625,0.04368855112926097,14.154725873109467
724,-1.7059135367020315,-0.00338977525924114,0.041885735314781285,14.189606259941707
725,-1.6847823349307673,-0.0036251445428979795,0.040018734121612894,14.225728487909162
726,-1.6636507650742445,-0.0038426426222607623,0.03818248200024782,14.26125579125336
727,-1.642518840289596,-0.004043088473470435,0.036384146916757745,14.296049486129078
728,-1.6213865842641373,-0.004227295127135262,0.03448239405861783,14.332844079796644
729,-1.6002540152021738,-0.00439609448865749,0.03270410737303801,14.367249883758126
730,-1.5791211550526336,-0.004550299365126962,0.03079221776385151,14.40424060050986
731,-1.5579880266629615,-0.004690741715068731,0.029034656886027427,14.438245407216868
732,-1.5368546491630921,-0.00481822825802746,0.02713354825455582,14.475027536563221
733,-1.5157210436609074,-0.004933590814734972,0.02531564850893035,14.510199763165831
734,-1.4945872256356991,-0.0050376483450310485,0.02348236387189338,14.54566965243564
735,-1.4734532250693784,-0.0051312204998312395,0.021617885758245296,14.581743064551265
736,-1.4523190573531304,-0.005215132668366541,0.019818138404486114,14.61656408364552
737,-1.4311847438532865,-0.005290197811821208,0.017957905432935604,14.652555361914008
738,-1.4100503034436795,-0.005357241337837036,0.016108428545112498,14.68833853441917
739,-1.3889157625378146,-0.005417089136859569,0.014270190676185773,14.723904257463564
740,-1.3677811360359113,-0.0054705600656473315,0.01247169776397731,14.758701005966117
741,-1.3466464458810243,-0.005518467359916239,0.010578660150764339,14.795326979460757
742,-1.3255117108612273,-0.005561642685248888,0.008776970851591669,14.830185570783238
743,-1.3043769575650668,-0.005600899159033601,0.006953680710870908,14.865462089274454
744,-1.2832422048652,-0.0056370622746373875,0.004959638778194769,14.904042266690707
745,-1.2621074700650645,-0.005670944957477685,0.0038391853712507772,14.925720492468303
746,-1.2409727687927017,-0.005703016441114501,0.0040118437981839965,14.922379944491682
747,-1.219838095809362,-0.005733320135109625,0.0038587832502090594,14.925341318071414
748,-1.1987034505993206,-0.005761893672832969,0.0037929718234930468,14.926614619538707
749,-1.1775688420188937,-0.005788768535959343,0.003786344301987258,14.926742847010424
750,-1.156434255884907,-0.005813963081766927,0.0036324231489250135,14.92972087134178
751,-1.1352997008833348,-0.005837521222086887,0.003664838118401927,14.929093715386397
752,-1.1141651762624154,-0.005859455455444751,0.003521317837765114,14.931870506485453
753,-1.0930306779415404,-0.00587980939756479,0.0034772534731804757,14.932723051748193
754,-1.071896204996256,-0.005898608148579294,0.003459960430502034,14.93305763280372
755,-1.050761757172812,-0.0059158702251349915,0.0033245484834762513,14.935677546083841
756,-1.0296273385116914,-0.005931639657390641,0.0032920739134389347,14.93630585517455
757,-1.0084929440290702,-0.0059459412525360725,0.0032242789968587844,14.937617532660727
758,-0.9873585739621609,-0.0059588000596904524,0.0031915188615958107,14.938251366789245
759,-0.9662242268097883,-0.0059702409044544566,0.003056951214550259,14.940854944784487
760,-0.9450899031321354,-0.005980307627125571,0.003039134998220878,14.941199648060586
761,-0.9239556026719282,-0.005989019001526142,0.002992841483447672,14.942095322310914
762,-0.9028213239268161,-0.005996399938982084,0.0028612638644963124,14.944641050061152
763,-0.8816870674581581,-0.006002494194065663,0.0028461602387238167,14.944933270877767
764,-0.860552828366713,-0.006007320401751185,0.0027878970398027853,14.946060531300118
765,-0.8394186150143086,-0.006010903768416653,0.002697477023801642,14.94780995301595
766,-0.8182844176036377,-0.006013281478285435,0.0026179898821513305,14.949347848471872
767,-0.7971502449898413,-0.006014485098757572,0.002602339447715651,14.949650648792806
768,-0.7760160841502379,-0.006014533021823253,0.0024974153735715606,14.951680691054896
769,-0.7548819467577881,-0.006013462988152896,0.0024258213449774866,14.953065872720257
770,-0.7337478242602604,-0.006011306044466294,0.0024000931667858215,14.953563654468457
771,-0.7126137169817996,-0.0060080808962166155,0.0023233595011570795,14.955048276424117
772,-0.6914796320356349,-0.00600381914446105,0.002231563402624249,14.95682432220805
773,-0.6703455561453342,-0.005998557697836525,0.002179669957376362,14.957828342380143
774,-0.6492114982506214,-0.005992321951527476,0.002137953555646792,14.958635459900352
775,-0.6280774533676725,-0.005985136712723762,0.002023474821563767,14.960850363107218
776,-0.6069434250448322,-0.005977039564836921,0.002018275812487877,14.960950952111517
777,-0.5858094089631065,-0.005968049160197251,0.00190298700663221,14.963181528365272
778,-0.5646754051893652,-0.005958202978080243,0.0018658873508729022,14.963899322348349
779,-0.5435414162818042,-0.005947526137029055,0.0017921829173829366,14.965325335549881
780,-0.5224074389127529,-0.0059360496685171415,0.001707235950622185,14.966968866207335
781,-0.5012734674300334,-0.005923804791769567,0.0017013184814743826,14.967083355780415
782,-0.48013951028240665,-0.005910810369498345,0.0015566229637121367,14.969882885045637
783,-0.45900556338809007,-0.005897110103152924,0.001554240461585615,14.969928981044538
784,-0.4378716253293171,-0.005882722731843627,0.001456733686677525,14.9718155154316
785,-0.4167376921981718,-0.0058676792696879115,0.001432488056426726,14.972284613248108
786,-0.39560377235413213,-0.0058520050945142146,0.0012861529567301264,14.975115864695738
787,-0.3744698559141335,-0.005835743648486689,0.0013120675300146065,14.974614476626309
788,-0.35333595141269414,-0.005818907536376576,0.001185514058975933,14.977062998538164
789,-0.3322020507908956,-0.005801534165925691,0.0011632149291052653,14.9774944359982
790,-0.31106815660928255,-0.005783648484226778,0.0010438700254458934,14.979803488521847
791,-0.28993426487065665,-0.005765288020513708,0.0010393550932092002,14.979890842194736
792,-0.26880037938181167,-0.005746471498650434,0.0009252794721573418,14.982097946081034
793,-0.24766649904795335,-0.005727236448925658,0.0008819212351091787,14.982936829381512
794,-0.2265326206259941,-0.005707607730597254,0.0008354433822854398,14.983836070153977
795,-0.20539874261240887,-0.005687610340716335,0.0007288955173955475,14.985897529074881
796,-0.1842648737777559,-0.005667282018898499,0.0006946995423922595,14.986559143437614
797,-0.163131000434523,-0.0056466473119934964,0.0006081031397409429,14.988234586929122
798,-0.14199713085760657,-0.005625737770045354,0.0005649626834296293,14.989069256667523
799,-0.12086326064225195,-0.00560457830332515,0.000489427924406662,14.990530682506392
800,-0.09972939284349258,-0.005583200134222405,0.0004153195880561315,14.991964510309897
801,-0.07859552006958703,-0.00556163434416895,0.00036965110877576913,14.992848091544623
802,-0.057461648941627086,-0.005539906087474783,0.0002886106947359496,14.994416039289506
803,-0.03632777554817168,-0.005518046635432994,0.0002383003750140105,14.995389429582325
804,-0.01519389896946588,-0.0054960807452750565,0.00018799013972191494,14.996362818241618
